DT_EMISSAO_GUIA;AA_GUIA_ATENDIMENTO;NR_GUIA_ATENDIMENTO;NM_GRUPO;DT_VENC;PRI_SEQ_ALT;PRI_USER_ALT;ULT_SEQ_ALT;ULT_USER_ALT;NM_USUARIO;CD_UNIDADE_CARTEIRA;CD_CARTEIRA_USUARIO;LOCAL;CD_TIPO_GUIA;DS_TIPO_GUIA;CD_UNIDADE_PRINCIPAL;CD_PRESTADOR_PRINCIPAL;PRINCIPAL;PROF_SOLICITANTE;SOLICITANTE;IN_LIBERADO_GUIAS
13/06/2025;2025;217639;INTERCAM;13/07/2025;3;"Tais Alves de Sousa";3;"Tais Alves de Sousa";"DEBORAH LAMOTHE LOPES";972;309446100015;INTERCAMBIO;11;"CONSULTA - ATENDIMENTO";540;14566;"ASSOCIACAO LAR SAO FRANCISCO DE ASSIS NA PROVIDENCIA DE DEUS - HUSF";"ASSOCIACAO LAR SAO FRANCISCO DE ASSIS NA PROVIDENCIA DE DEUS HUSF";"ASSOCIACAO LAR SAO FRANCISCO DE ASSIS NA PROVIDENCIA DE DEUS - HUSF";AUTORIZADA
09/06/2025;2025;211897;INTERCAM;09/07/2025;3;HAW;3;HAW;"LUNA ROCHA LIMA";972;304583500049;INTERCAMBIO;11;"CONSULTA - ATENDIMENTO";540;100818;"ANDRIA CARLA VITO LIDO";"ANDRIA CARLA VITO LIDO";"ANDRIA CARLA VITO LIDO";FECHADA
09/06/2025;2025;211600;INTERCAM;09/07/2025;3;HAW;3;HAW;"LUCIA MARIA STRAUSS TEIXEIRA";972;306412000021;INTERCAMBIO;11;"CONSULTA - ATENDIMENTO";540;15004;"ALBERT SABIN HOSPITAL E MATERNIDADE LTDA";"GUILHERME CONTATORE BIERRENBACH DE CASTRO";"ALBERT SABIN HOSPITAL E MATERNIDADE LTDA";AUTORIZADA
18/06/2025;2025;224645;INTERCAM;18/07/2025;3;HAW;3;HAW;"AMANDA ARAUJO DA ROCHA PI";972;261790000028;INTERCAMBIO;11;"CONSULTA - ATENDIMENTO";540;800690;"UNIMED OS BANDEIRANTES - AMBULATORIO ATIBAIA";"DARLENE APARECIDA CONCEI??O RODRIGUES";"UNIMED OS BANDEIRANTES - AMBULATORIO ATIBAIA";FECHADA
20/06/2025;2025;225964;INTERCAM;20/07/2025;3;HAW;3;HAW;"LUCIA MARIA STRAUSS TEIXEIRA";972;306412000021;INTERCAMBIO;11;"CONSULTA - ATENDIMENTO";540;15004;"ALBERT SABIN HOSPITAL E MATERNIDADE LTDA";"FELIPE LUIZ SILVEIRA BIZARRIA";"ALBERT SABIN HOSPITAL E MATERNIDADE LTDA";AUTORIZADA
24/06/2025;2025;229663;INTERCAM;24/07/2025;3;HAW;3;HAW;"MARIA CRISTINA FRANCISCO";972;133350001784;INTERCAMBIO;11;"CONSULTA - ATENDIMENTO";540;87681;"MARCIO GAMBINI";"MARCIO GAMBINI";"MARCIO GAMBINI";FECHADA
02/06/2025;2025;201455;INTERCAM;02/07/2025;3;HAW;3;HAW;"GENI DE FATIMA MARANHO GI";972;303578000027;INTERCAMBIO;11;"CONSULTA - ATENDIMENTO";540;14566;"ASSOCIACAO LAR SAO FRANCISCO DE ASSIS NA PROVIDENCIA DE DEUS - HUSF";"ASSOCIACAO LAR SAO FRANCISCO DE ASSIS NA PROVIDENCIA DE DEUS  HUSF";"ASSOCIACAO LAR SAO FRANCISCO DE ASSIS NA PROVIDENCIA DE DEUS - HUSF";FECHADA
04/06/2025;2025;205634;INTERCAM;04/07/2025;3;HAW;3;HAW;"CIRO DAVI CONTARDI";972;305664300013;INTERCAMBIO;11;"CONSULTA - ATENDIMENTO";540;14572;"CENTRO DE MICROCIRURGIA OCULAR ATIBAIA S/S";"GABRIEL AKIO SHIMODA";"CENTRO DE MICROCIRURGIA OCULAR ATIBAIA S/S";FECHADA
10/06/2025;2025;212441;INTERCAM;10/07/2025;3;HAW;3;HAW;"DEBORAH LAMOTHE LOPES";972;309446100015;INTERCAMBIO;11;"CONSULTA - ATENDIMENTO";540;14566;"ASSOCIACAO LAR SAO FRANCISCO DE ASSIS NA PROVIDENCIA DE DEUS - HUSF";"SIMONE FELITTI";"ASSOCIACAO LAR SAO FRANCISCO DE ASSIS NA PROVIDENCIA DE DEUS - HUSF";AUTORIZADA
11/06/2025;2025;215263;INTERCAM;11/07/2025;3;HAW;3;HAW;"LUCIA MARIA STRAUSS TEIXEIRA";972;306412000021;INTERCAMBIO;11;"CONSULTA - ATENDIMENTO";540;15004;"ALBERT SABIN HOSPITAL E MATERNIDADE LTDA";"MARCELO MUNHOZ DE MORAIS";"ALBERT SABIN HOSPITAL E MATERNIDADE LTDA";AUTORIZADA
17/06/2025;2025;222560;INTERCAM;17/07/2025;3;HAW;5;HAW;"SHIRLEY DESTRI";972;303770200012;INTERCAMBIO;11;"CONSULTA - ATENDIMENTO";540;94882;"MARCIO JOSE CARRASCO DEGASPARE";"MARCIO JOSE CARRASCO DEGASPARE";"MARCIO JOSE CARRASCO DEGASPARE";AUTORIZADA
23/06/2025;2025;227701;INTERCAM;23/07/2025;3;HAW;3;HAW;"APARECIDA CARAPIA GALINDO";972;305664300030;INTERCAMBIO;11;"CONSULTA - ATENDIMENTO";540;800690;"UNIMED OS BANDEIRANTES - AMBULATORIO ATIBAIA";"MARCELO TINLIONG CHEN";"UNIMED OS BANDEIRANTES - AMBULATORIO ATIBAIA";FECHADA
04/06/2025;2025;204817;INTERCAM;04/07/2025;3;HAW;3;HAW;"MARINA SOUTINHO PEIXOTO";972;309743800011;INTERCAMBIO;11;"CONSULTA - ATENDIMENTO";540;800690;"UNIMED OS BANDEIRANTES - AMBULATORIO ATIBAIA";"JULIO PAVANELLI CHIOCCA";"UNIMED OS BANDEIRANTES - AMBULATORIO ATIBAIA";FECHADA
11/06/2025;2025;215447;INTERCAM;11/07/2025;3;HAW;3;HAW;"ANA DEISE DA SILVA";972;129360003234;INTERCAMBIO;11;"CONSULTA - ATENDIMENTO";540;81771;"CLAUDIA GOMES DE MATOS ALVES";"CLAUDIA GOMES DE MATOS ALVES";"CLAUDIA GOMES DE MATOS ALVES";FECHADA
16/06/2025;2025;219944;INTERCAM;16/07/2025;3;HAW;3;HAW;"VANILDA JOSE DOS SANTOS";972;305182400033;INTERCAMBIO;11;"CONSULTA - ATENDIMENTO";540;15004;"ALBERT SABIN HOSPITAL E MATERNIDADE LTDA";"SERGIO LUIZ MARTIN NARDY";"ALBERT SABIN HOSPITAL E MATERNIDADE LTDA";AUTORIZADA
18/06/2025;2025;224650;INTERCAM;18/07/2025;3;HAW;3;HAW;"TALITA DE SA ARAUJO";972;261790000010;INTERCAMBIO;11;"CONSULTA - ATENDIMENTO";540;800690;"UNIMED OS BANDEIRANTES - AMBULATORIO ATIBAIA";"DARLENE APARECIDA CONCEI??O RODRIGUES";"UNIMED OS BANDEIRANTES - AMBULATORIO ATIBAIA";FECHADA
18/06/2025;2025;224290;INTERCAM;18/07/2025;3;HAW;3;HAW;"VANILDA JOSE DOS SANTOS";972;305182400033;INTERCAMBIO;11;"CONSULTA - ATENDIMENTO";540;15004;"ALBERT SABIN HOSPITAL E MATERNIDADE LTDA";"JOAQUIM GUILHERME PENTEADO BOURGANOS";"ALBERT SABIN HOSPITAL E MATERNIDADE LTDA";AUTORIZADA
25/06/2025;2025;230651;INTERCAM;25/07/2025;3;HAW;3;HAW;"ELCI CARMEM CASEIRO";972;305186500016;INTERCAMBIO;11;"CONSULTA - ATENDIMENTO";540;15004;"ALBERT SABIN HOSPITAL E MATERNIDADE LTDA";"RENAN BINATTI DA SILVA";"ALBERT SABIN HOSPITAL E MATERNIDADE LTDA";AUTORIZADA
02/06/2025;2025;201307;INTERCAM;02/07/2025;3;HAW;3;HAW;"RAIMUNDO RODRIGUES MARTIN";972;304169300014;INTERCAMBIO;11;"CONSULTA - ATENDIMENTO";540;800690;"UNIMED OS BANDEIRANTES - AMBULATORIO ATIBAIA";"MARCELO TINLIONG CHEN";"UNIMED OS BANDEIRANTES - AMBULATORIO ATIBAIA";FECHADA
18/06/2025;2025;223939;INTERCAM;18/07/2025;3;HAW;3;HAW;"MARIA CELINA PIRES MARTIN";972;304735600016;INTERCAMBIO;11;"CONSULTA - ATENDIMENTO";540;63903;"JOSE CLAUDIO CARRETE E SILVA";"JOSE CLAUDIO CARRETE E SILVA";"JOSE CLAUDIO CARRETE E SILVA";AUTORIZADA
23/06/2025;2025;227928;INTERCAM;23/07/2025;3;HAW;3;HAW;"FABIO DA SILVA";972;210402001850;INTERCAMBIO;11;"CONSULTA - ATENDIMENTO";540;14546;"CENTRO DE ENDOSCOPIA SAO FRANCISCO S/S";"CLAUDIA J BARATELLA";"CENTRO DE ENDOSCOPIA SAO FRANCISCO S/S";FECHADA
27/06/2025;2025;233796;INTERCAM;27/07/2025;3;HAW;3;HAW;"MARCO ANTONIO TEIXEIRA";972;306412000013;INTERCAMBIO;11;"CONSULTA - ATENDIMENTO";540;15004;"ALBERT SABIN HOSPITAL E MATERNIDADE LTDA";"BERENICE CANOVA";"ALBERT SABIN HOSPITAL E MATERNIDADE LTDA";AUTORIZADA
02/06/2025;2025;201971;INTERCAM;02/07/2025;3;HAW;3;HAW;"CIRO DAVI CONTARDI";972;305664300013;INTERCAMBIO;11;"CONSULTA - ATENDIMENTO";540;800690;"UNIMED OS BANDEIRANTES - AMBULATORIO ATIBAIA";"MARCELO TINLIONG CHEN";"UNIMED OS BANDEIRANTES - AMBULATORIO ATIBAIA";FECHADA
09/06/2025;2025;211807;INTERCAM;09/07/2025;3;HAW;3;HAW;"ANA MARIA PRINZ DA SILVA";972;305478900014;INTERCAMBIO;11;"CONSULTA - ATENDIMENTO";540;14553;"QUARTIZ LIFE ESPECIALIDADES MEDICAS S.S.";"ALEX SANDRO PONCE CINICIATO";"QUARTIZ LIFE ESPECIALIDADES MEDICAS S.S.";FECHADA
18/06/2025;2025;223660;INTERCAM;18/07/2025;3;HAW;3;HAW;"CONCEICAO APARECIDA MARTI";972;232233000038;INTERCAMBIO;11;"CONSULTA - ATENDIMENTO";540;14566;"ASSOCIACAO LAR SAO FRANCISCO DE ASSIS NA PROVIDENCIA DE DEUS - HUSF";"ASSOCIACAO LAR SAO FRANCISCO DE ASSIS NA PROVIDENCIA DE DEUS  HUSF";"ASSOCIACAO LAR SAO FRANCISCO DE ASSIS NA PROVIDENCIA DE DEUS - HUSF";AUTORIZADA
25/06/2025;2025;231293;INTERCAM;25/07/2025;3;HAW;3;HAW;"CIRO DAVI CONTARDI";972;305664300013;INTERCAMBIO;11;"CONSULTA - ATENDIMENTO";540;800690;"UNIMED OS BANDEIRANTES - AMBULATORIO ATIBAIA";"JOSE REGINALDO SIMAO";"UNIMED OS BANDEIRANTES - AMBULATORIO ATIBAIA";FECHADA
05/06/2025;2025;207676;INTERCAM;05/07/2025;3;HAW;3;HAW;"TALITA DE SA ARAUJO";972;261790000010;INTERCAMBIO;11;"CONSULTA - ATENDIMENTO";540;15004;"ALBERT SABIN HOSPITAL E MATERNIDADE LTDA";"ALBERT SABIN HOSPITAL E MATERNIDADE LTDA";"ALBERT SABIN HOSPITAL E MATERNIDADE LTDA";AUTORIZADA
06/06/2025;2025;208109;INTERCAM;06/07/2025;3;HAW;3;HAW;"JOSE FRANCISCO HEITZMANN";972;306230700010;INTERCAMBIO;11;"CONSULTA - ATENDIMENTO";540;67475;"MARCELO PAULA LEITE GALVAO";"MARCELO PAULA LEITE GALVAO";"MARCELO PAULA LEITE GALVAO";FECHADA
10/06/2025;2025;212939;INTERCAM;10/07/2025;3;HAW;3;HAW;"JOSIAS DE AMEIDA COELHO";972;123360004274;INTERCAMBIO;11;"CONSULTA - ATENDIMENTO";540;23644;"FISIONEURO CLINICA MEDICA E EXAMES COMPLEMENTARES S/S LTDA.";"FABIO CANANEA SILVA";"FISIONEURO CLINICA MEDICA E EXAMES COMPLEMENTARES S/S LTDA.";FECHADA
16/06/2025;2025;220722;INTERCAM;16/07/2025;3;HAW;3;HAW;"LUCIA MARIA STRAUSS TEIXEIRA";972;306412000021;INTERCAMBIO;11;"CONSULTA - ATENDIMENTO";540;15004;"ALBERT SABIN HOSPITAL E MATERNIDADE LTDA";"ALBERT SABIN HOSPITAL E MATERNIDADE LTDA";"ALBERT SABIN HOSPITAL E MATERNIDADE LTDA";AUTORIZADA
02/06/2025;2025;201404;INTERCAM;02/07/2025;3;HAW;3;HAW;"LUIZ AUGUSTO DIEGUES";972;302943300015;INTERCAMBIO;11;"CONSULTA - ATENDIMENTO";540;15004;"ALBERT SABIN HOSPITAL E MATERNIDADE LTDA";"FELIPE LUIZ SILVEIRA BIZARRIA";"ALBERT SABIN HOSPITAL E MATERNIDADE LTDA";AUTORIZADA
16/06/2025;2025;220793;INTERCAM;16/07/2025;3;HAW;3;HAW;"ELENI MARIA VICENTE CHAGA";972;306326700010;INTERCAMBIO;11;"CONSULTA - ATENDIMENTO";540;800690;"UNIMED OS BANDEIRANTES - AMBULATORIO ATIBAIA";"ABDUL KADER MOHAMAD SULTANI";"UNIMED OS BANDEIRANTES - AMBULATORIO ATIBAIA";FECHADA
11/06/2025;2025;214850;INTERCAM;11/07/2025;3;HAW;3;HAW;"ANA DEISE DA SILVA";972;129360003234;INTERCAMBIO;11;"CONSULTA - ATENDIMENTO";540;71472;"LUIS FERNANDO FRANCO PENTEADO";"LUIS FERNANDO FRANCO PENTEADO";"LUIS FERNANDO FRANCO PENTEADO";FECHADA
24/06/2025;2025;229729;INTERCAM;24/07/2025;3;HAW;3;HAW;"HELOISA FLAIBAM";972;133350001776;INTERCAMBIO;11;"CONSULTA - ATENDIMENTO";540;87681;"MARCIO GAMBINI";"MARCIO GAMBINI";"MARCIO GAMBINI";FECHADA
02/06/2025;2025;201928;INTERCAM;02/07/2025;3;web;3;web;"ANTONIO GIROTTO SOBRINHO";972;303578000019;INTERCAMBIO;11;"CONSULTA - ATENDIMENTO";540;14566;"ASSOCIACAO LAR SAO FRANCISCO DE ASSIS NA PROVIDENCIA DE DEUS - HUSF";"ASSOCIACAO LAR SAO FRANCISCO DE ASSIS NA PROVIDENCIA DE DEUS HUSF";"ASSOCIACAO LAR SAO FRANCISCO DE ASSIS NA PROVIDENCIA DE DEUS - HUSF";FECHADA
02/06/2025;2025;201966;INTERCAM;02/07/2025;3;web;3;web;"APARECIDA CARAPIA GALINDO";972;305664300030;INTERCAMBIO;11;"CONSULTA - ATENDIMENTO";540;800690;"UNIMED OS BANDEIRANTES - AMBULATORIO ATIBAIA";"KELLY CAROLINE WELTER";"UNIMED OS BANDEIRANTES - AMBULATORIO ATIBAIA";FECHADA
02/06/2025;2025;201944;INTERCAM;02/07/2025;3;web;3;web;"GENI DE FATIMA MARANHO GI";972;303578000027;INTERCAMBIO;11;"CONSULTA - ATENDIMENTO";540;14566;"ASSOCIACAO LAR SAO FRANCISCO DE ASSIS NA PROVIDENCIA DE DEUS - HUSF";"ASSOCIACAO LAR SAO FRANCISCO DE ASSIS NA PROVIDENCIA DE DEUS HUSF";"ASSOCIACAO LAR SAO FRANCISCO DE ASSIS NA PROVIDENCIA DE DEUS - HUSF";FECHADA
09/06/2025;2025;211492;INTERCAM;09/07/2025;3;web;3;web;"CLEITON CRISTIANO GINI";972;305088900036;INTERCAMBIO;11;"CONSULTA - ATENDIMENTO";540;14566;"ASSOCIACAO LAR SAO FRANCISCO DE ASSIS NA PROVIDENCIA DE DEUS - HUSF";"ASSOCIACAO LAR SAO FRANCISCO DE ASSIS NA PROVIDENCIA DE DEUS HUSF";"ASSOCIACAO LAR SAO FRANCISCO DE ASSIS NA PROVIDENCIA DE DEUS - HUSF";FECHADA
05/06/2025;2025;206979;INTERCAM;05/07/2025;3;web;3;web;"ADILSON GARCIA ARIENTI";972;306415700016;INTERCAMBIO;11;"CONSULTA - ATENDIMENTO";540;51978;"STELLA MARIS RIBEIRO REDONDANO";"STELLA MARIS RIBEIRO REDONDANO";"STELLA MARIS RIBEIRO REDONDANO";FECHADA
23/06/2025;2025;227705;INTERCAM;23/07/2025;3;web;3;web;"APARECIDA CARAPIA GALINDO";972;305664300030;INTERCAMBIO;11;"CONSULTA - ATENDIMENTO";540;800690;"UNIMED OS BANDEIRANTES - AMBULATORIO ATIBAIA";"THAIS FERREIRA GABRIEL GUIMARAES";"UNIMED OS BANDEIRANTES - AMBULATORIO ATIBAIA";FECHADA
16/06/2025;2025;220595;INTERCAM;16/07/2025;3;web;3;web;"CIRO DAVI CONTARDI";972;305664300013;INTERCAMBIO;11;"CONSULTA - ATENDIMENTO";540;800690;"UNIMED OS BANDEIRANTES - AMBULATORIO ATIBAIA";"MARIANA BRANDEMARTE COELHO";"UNIMED OS BANDEIRANTES - AMBULATORIO ATIBAIA";FECHADA
21/06/2025;2025;226793;INTERCAM;21/07/2025;3;web;3;web;"MARCO ANTONIO TEIXEIRA";972;306412000013;INTERCAMBIO;11;"CONSULTA - ATENDIMENTO";540;15004;"ALBERT SABIN HOSPITAL E MATERNIDADE LTDA";"FELIPE LUIZ SILVEIRA BIZARRIA";"ALBERT SABIN HOSPITAL E MATERNIDADE LTDA";AUTORIZADA
23/06/2025;2025;228261;INTERCAM;23/07/2025;3;web;3;web;"MARLENE IZIDORIA SAMPAIO";972;304664400036;INTERCAMBIO;11;"CONSULTA - ATENDIMENTO";540;14566;"ASSOCIACAO LAR SAO FRANCISCO DE ASSIS NA PROVIDENCIA DE DEUS - HUSF";"ASSOCIACAO LAR SAO FRANCISCO DE ASSIS NA PROVIDENCIA DE DEUS  HUSF";"ASSOCIACAO LAR SAO FRANCISCO DE ASSIS NA PROVIDENCIA DE DEUS - HUSF";AUTORIZADA
26/06/2025;2025;232540;INTERCAM;26/07/2025;3;web;3;web;"DIRCEU PEREIRA";972;304646400011;INTERCAMBIO;11;"CONSULTA - ATENDIMENTO";540;99814;"GALLIANA CRISTINA CASANOVA";"GALLIANA CRISTINA CASANOVA";"GALLIANA CRISTINA CASANOVA";FECHADA
06/06/2025;2025;208498;INTERCAM;06/07/2025;3;web;3;web;"DEBORAH LAMOTHE LOPES";972;309446100015;INTERCAMBIO;11;"CONSULTA - ATENDIMENTO";540;14566;"ASSOCIACAO LAR SAO FRANCISCO DE ASSIS NA PROVIDENCIA DE DEUS - HUSF";"ASSOCIACAO LAR SAO FRANCISCO DE ASSIS NA PROVIDENCIA DE DEUS  HUSF";"ASSOCIACAO LAR SAO FRANCISCO DE ASSIS NA PROVIDENCIA DE DEUS - HUSF";FECHADA
18/06/2025;2025;223614;INTERCAM;18/07/2025;3;web;3;web;"YOLANDA PASCHOARELLI";972;305722900014;INTERCAMBIO;11;"CONSULTA - ATENDIMENTO";540;14566;"ASSOCIACAO LAR SAO FRANCISCO DE ASSIS NA PROVIDENCIA DE DEUS - HUSF";"ASSOCIACAO LAR SAO FRANCISCO DE ASSIS NA PROVIDENCIA DE DEUS  HUSF";"ASSOCIACAO LAR SAO FRANCISCO DE ASSIS NA PROVIDENCIA DE DEUS - HUSF";AUTORIZADA
